<?xml version="1.0" encoding="UTF-8"?>
<project-private xmlns="http://www.netbeans.org/ns/project-private/1">
    <editor-bookmarks xmlns="http://www.netbeans.org/ns/editor-bookmarks/2" lastBookmarkId="0"/>
    <open-files xmlns="http://www.netbeans.org/ns/projectui-open-files/2">
        <group>
            <file>file:/C:/Users/animesh%20srivastava/Documents/NetBeansProjects/Traffic_Violations/src/com/agents/violation/Agent.java</file>
            <file>file:/C:/Users/animesh%20srivastava/Documents/NetBeansProjects/Traffic_Violations/src/com/agents/violation/Reporting_Agent.java</file>
            <file>file:/C:/Users/animesh%20srivastava/Documents/NetBeansProjects/Traffic_Violations/src/com/agents/violation/Uninsured_Vehicle.java</file>
            <file>file:/C:/Users/animesh%20srivastava/Documents/NetBeansProjects/Traffic_Violations/src/com/agents/violation/ServerThread.java</file>
        </group>
    </open-files>
</project-private>
